Unnamed: 0,PrjDesc,LLM,Human,SynHuman,SynLLM,SemHuman,SemLLM,PragHuman,PragLLM,synClaudeLLM,synClaudeHuman,semClaudeLLM,semClaudeHuman,pragClaudeLLM,pragClaudeHuman,synGPTLLM,synGPTHuman,semGPTLLM,semGPTHuman,pragGPTLLM,pragGPTHuman,synDeepSeekLLM,synDeepSeekHuman,semDeepSeekLLM,semDeepSeekHuman,pragDeepSeekLLM,pragDeepSeekHuman,SemLLMNM,SemHumanNM,PragLLMNM,PragHumanNM,synGenDeepSeekLLM,synGenDeepSeekHuman,synGenClaudeLLM,synGenClaudeHuman,synGenGPTLLM,synGenGPTHuman
1,"Project Management System
A project manager uses the project management system to manage a project. The project manager leads a team to execute the project within the project's start and end dates. Once a project is created in the project management system, a manager may initiate and later terminate the project due to its completion or for some other reason. As input, a project uses requirements. As output, a project produces a system (or part of a system). The requirements and system are work products: things that are created, used, updated, and elaborated on throughout a project. Every work product has a description, is of some percent complete throughout the effort, and may be validated. However, validation is dependent on the type of work product. For example, the requirements are validated with users in workshops, and the system is validated by being tested against the requirements. Furthermore, requirements may be published using various types of media, including on an intranet or in paper form; and systems may be deployed onto specific platforms.","@startuml
class ProjectManager {
  +name: String
  +startDate: Date
  +endDate: Date
  +leadTeam()
  +initiateProject()
  +terminateProject()
}

class Project {
  +projectID: int
  +status: String
  +createProject()
  +executeProject()
  +completeProject()
}

class System {
  +systemID: int
  +validationStatus: String
  +publishRequirements(mediaType: String)
  +deploy(platform: String)
}

class Requirement {
  +requirementID: int
  +description: String
  +percentComplete: float
  +validateWorkProduct()
}

class WorkProduct {
  +updateDescription()
  +elaborate()
}

class Validation {
  +validateWithUsers()
  +testSystem()
}

ProjectManager ""1"" -- ""1"" Project : leads >
Project ""1"" -- ""*"" System : produces >
Project ""1"" -- ""*"" Requirement : produces >
Requirement <|-- WorkProduct
System <|-- WorkProduct
WorkProduct ""1"" -- ""1..*"" Validation : validated by >
@enduml

","PlantUML: @startuml

class ""Project Manager"" {
  - name : String
  + initiateProject()
  + terminateProject()
}

class Team {
  - description : String
}

class Project {
  - name : String
  - startDate : Date
  - endDate : Date
}

class Requirement {
  + publish(media : String)
}

PlantUML:1:1class WorkProduct {
  - percentComplete : int
  - description : String
  + validate()
}

class System {
  + deploy(platform : String)
}

' Associations with roles and multiplicities
""Project Manager"" ""1"" --> ""1"" Team : Lead
""Project Manager"" ""1"" --> ""1"" Project : Manage
Team ""1"" --> ""1"" Project : Execute
Requirement ""1..*"" --> ""1"" Project : Input
Project ""1"" --> ""1"" System : Output

' Generalizations
Requirement --|> WorkProduct
System --|> WorkProduct

@enduml",0,0,2,9,2,1,1,1,5,3,3,1,0,2,3,2,3,0,3,3,4,3,4,2,9,2,2,2,3,3,1,3,0,2
2,"Hollywood Approach
We are interested in building a software application to manage filmed scenes for realizing a movie, by following the so-called “Hollywood Approach”. Every scene is identified by a code (a string) and it is described by a text in natural language. Every scene is filmed from different positions (at least one), each of this is called a setup. Every setup is characterized by a code (a string) and a text in natural language where the photographic parameters are noted (e.g., aperture, exposure, focal length, filters, etc.). Note that a setup is related to a single scene. For every setup, several takes may be filmed (at least one). Every take is characterized by a (positive) natural number, a real number representing the number of meters of film that have been used for shooting the take, and the code (a string) of the reel where the film is stored. Note that a take is associated to a single setup. Scenes are divided into internals that are filmed in a theater, and externals that are filmed in a location and can either be “day scene” or “night scene”. Locations are characterized by a code (a string) and the address of the location, and a text describing them in natural language.","@startuml

class Scene {
  code: String
  description: String
}

class Setup {
  code: String
  description: String
  photographicParameters: String
}

class Take {
  number: int
  filmLength: float
  filmCode: String
}

class Internal extends Scene {
  // Inherits code and description from Scene
}

class External extends Scene {
  // Inherits code and description from Scene
  timeOfDay: String
}

class Location {
  code: String
  address: String
  description: String
}

Scene ""1"" -- ""1..*"" Setup : has >
Setup ""1"" -- ""1..*"" Take : has >
Scene ""0..1"" -- ""1"" Internal : type >
Scene ""0..1"" -- ""1"" External : type >
Location ""1"" -- ""1..*"" External : has >

@enduml



","PlantUML: @startuml

class Scene {
  - code : String
  - description : String
  + filmed()
}

class Internals {
  - teather : String
}

class Externals {
  - night_scene : Boolean
}

class Location {
  - name : String
  - address : String
  - description : String
}

class Setup {
  - code : String
  - photographic_parameters : String
}

class Takes {
  - natural_number : int
  - filmed_meters : Real
  - reel : String
}

' Generalizations
Internals --|> Scene
Externals --|> Scene

' Associations with roles and multiplicities
Externals ""0..*"" --> ""1"" Location : located
Scene ""1"" --> ""1..*"" Setup : setup_for_scene
Setup ""1"" --> ""1..*"" Takes : takes_of_setup

@enduml",3,2,0,3,0,0,0,1,3,3,2,2,0,0,2,3,2,3,3,2,4,3,1,3,4,1,1,1,3,3,0,3,0,2
3,"Word Processor
A user can open a new or existing document. Text is entered through a keyboard. A document is made up of several pages and each page is made up of a header, body and footer. Date, time and page number may be added to header or footer. Document body is made up of sentences, which are themselves made up of words and punctuation characters. Words are made up of letters, digits and/or special characters. Pictures and tables may be inserted into the document body. Tables are made up of rows and columns and every cell in a table can contain both text and pictures. Users can save or print documents.","@startuml

class User {
  openDocument()
  saveDocument()
  printDocument()
}

class Document {
  +pages: List<Page>
}

class Page {
  +header: Header
  +body: Body
  +footer: Footer
}

class Header {
  +date: String
  +time: String
  +pageNumber: int
}

class Footer {
  +date: String
  +time: String
  +pageNumber: int
}

class Body {
  +content: List<ContentItem>
}

class Sentence {
  +words: List<Word>
}

class Word {
  +letters: String
  +digits: String
  +specialCharacters: String
}

class ContentItem {
}

class Picture {
}

class Table {
  +rows: List<Row>
}

class Row {
  +cells: List<Cell>
}

class Cell {
  +text: String
  +picture: Picture
}

Sentence <|-- ContentItem
Picture <|-- ContentItem
Table <|-- ContentItem

User ""1"" -- ""*"" Document : uses >
Document ""1"" -- ""*"" Page : contains >
Page ""1"" -- ""1"" Header : has >
Page ""1"" -- ""1"" Body : has >
Page ""1"" -- ""1"" Footer : has >
Body ""1"" -- ""*"" ContentItem : contains >
Table ""1"" -- ""*"" Row : has >
Row ""1"" -- ""*"" Cell : has >

@enduml
","PlantUML: @startuml

' Classes
class Header {
  - date : Date
  - time : Time
  - pageNumber : int
}

class Footer {
  - date : Date
  - time : Time
  - pageNumber : int
}

class Page {
  - header : Header
  - body : Body
  - footer : Footer
}

class Document {
  - numberOfPages : int
}

class User {
  + open()
  + save()
  + print()
  + new()
}

class Body {
  - sentences : List(Sentence)
}

class Sentence {
  - words : List(Word)
  - punctuationList : List(Punctuation)
}

class Word {
  - letter : String
  - digits : String
  - special character : String
}

class Punctuation {
  - character : String
}

class Table {
  - rows : int
  - columns : int
}

class Cell {
  - text : String
  - picture : Picture
}

class Picture {
  - imageType : String
  - imageSize : String
}

' Associations
User ""1"" --> ""0..*"" Document


' Composition
Page ""1"" *-- ""0..1"" Header
Page ""1"" *-- ""0..1"" Footer
Page ""1"" *-- ""0..1"" Body
Document ""1"" *-- ""1..*"" Page
Table ""1"" *-- ""1..*"" Cell

' Aggregation
Body ""1"" o-- ""0..*"" Table
Body ""1"" o-- ""0..*"" Picture
Body ""1"" o-- ""0..*"" Sentence
Sentence ""0..*"" o-- ""0..*"" Word
Sentence ""0..*"" o-- ""0..*"" Punctuation


' Association
Cell ""1"" --> ""0..1"" Picture

@enduml",0,0,1,14,2,1,0,1,3,5,2,2,0,2,3,3,2,2,2,3,4,5,3,3,3,0,2,3,1,3,0,1,0,2
4,"Patient Record and Scheduling System
A patient record and scheduling system in a doctor’s office is used by the receptionists, nurses, and doctors. The receptionists use the system to enter new patient information when first-time patients visit the doctor. They also schedule all appointments. The nurses use the system to keep track of the results of each visit including diagnosis and medications. For each visit, free form text fields are used captures information on diagnosis and treatment. Multiple medications may be prescribed during each visit. The nurses can also access the information to print out a history of patient visits. The doctors primarily use the system to view patient history. The doctors may enter some patient treatment information and prescriptions occasionally, but most frequently they let the nurses enter this information. -- Each patient is assigned to a family. The head of family is responsible for the person with the primary medical coverage. Information about doctors is maintained since a family has a primary care physician, but different doctors may be the ones seeing the patient during the visit.","@startuml

class PatientRecordAndSchedulingSystem {
  enterPatientInformation()
  scheduleAppointment()
  trackVisitResults()
  printPatientHistory()
}

class Receptionist {
  useSystem()
}

class Nurse {
  useSystem()
  enterTreatmentInformation()
}

class Doctor {
  useSystem()
  enterPrescription()
}

class Patient {
  +familyHead: Person
  +primaryCarePhysician: Doctor
  +medicalCoverage: String
  +history: List<Visit>
}

class Visit {
  +diagnosis: String
  +treatment: String
  +medications: List<Medication>
}

class Medication {
  +name: String
  +dosage: String
}

class Person {
  +name: String
  +dateOfBirth: Date
}

Receptionist ""1"" -- ""1"" PatientRecordAndSchedulingSystem : uses >
Nurse ""1"" -- ""1"" PatientRecordAndSchedulingSystem : uses >
Doctor ""1"" -- ""1"" PatientRecordAndSchedulingSystem : uses >
Patient ""1"" -- ""*"" Visit : has >
Visit ""*"" -- ""*"" Medication : includes >

@enduml

","PlantUML:@startuml

' ==== Class Definitions ====
class Receptionist {
  + enterinfopatient()
  + scheduleappointment()
}

class Patient {
  - name : String
  - gender : String
  - birthdate : String
  - lastvisitdate : Date
  - allergies : String
  - notes : String
}

class Family {
  - nameofamilyhead : String
  - address : String
  - telephone : String
  - insurancecarrier : String
  - policynumber : String
}

class Appointment {
  - date : Date
  - time : Time
  - reason : String
}

class Doctor {
  - name : String
  - specialty : String
  - address : String
  - telephone : String
  + viewpatienthistory()
  + entertreatmentinformation()
  + prescribemedication()
  + seepatient()
}

class Visit {
  - date : Date
  - reason : String
  - diagnosisnotes : String
  - treatmentnotes : String
}

class Prescription {
  - date : Date
  - medication : String
  - dosage : String
}

class Nurse {
  - memberName : String
  + checkvisit()
  + prescribemedication()
  + printouthistory()
}

' ==== Associations with Correct Multiplicities ====

Receptionist ""1..*"" --> ""0..*"" Patient : Enter Info
Receptionist ""1"" --> ""0..*"" Appointment : Schedule

Patient ""1..*"" --> ""1"" Family
Patient ""1"" --> ""0..*"" Appointment
Patient ""1"" --> ""0..*"" Visit

Falily ""1"" --> ""1..*"" Patient
Doctor ""1"" --> ""0..*"" Visit

Visit ""1"" --> ""0..*"" Prescription
Visit ""0..1"" --> ""0..*"" Nurse : Keep Track

Appointment ""0..1"" --> ""0..*"" Visit

@enduml",0,1,0,5,1,1,2,1,5,5,2,3,0,1,2,3,0,2,2,4,4,5,3,3,6,2,2,2,3,3,2,2,1,4
5,"Movie-Shop
 Design a system for a movie-shop, in order to handle ordering of movies and browsing of the catalogue of the store, and user subscriptions with rechargeable cards.  Only subscribers are allowed hiring movies with their own card.  Credit is updated on the card during rent operations.  Both users and subscribers can buy a movie and their data are saved in the related order.  When a movie is not available it is ordered .","@startuml

class MovieShopSystem {
  browseCatalogue()
  orderMovie()
  handleSubscription()
  updateCreditOnCard()
}

class Movie {
  title: String
  available: Boolean
}

class User {
  name: String
  email: String
}

class Subscriber extends User {
  card: RechargeableCard
  hireMovie()
  buyMovie()
}

class RechargeableCard {
  cardNumber: String
  credit: Double
}

class Order {
  orderDate: Date
  movie: Movie
  user: User
}

MovieShopSystem ""1"" -- ""*"" Movie : manages >
MovieShopSystem ""1"" -- ""*"" Subscriber : manages >
MovieShopSystem ""1"" -- ""*"" Order : processes >
Subscriber ""1"" -- ""1"" RechargeableCard : owns >
Order ""*"" -- ""1"" Movie : includes >
Order ""*"" -- ""1"" User : placed by >

@enduml

","PlantUML:@startuml

' ==== Class Definitions ====
class User {
  - firstname : String
  - lastname : String
}

class Subscriber {
  - telephone : String
  - address : String
}

class Card {
  - credit : float
  - code : int
}

class MovieShop {
  + listMovies()
  + order()
  + subscribe()
}

class Order {
  - date : date
  - user : User
}

class Movie {
  - name : String
}

class MovieBuy {
  - state : {present, to order}
  - sellingprice : float
}

class MovieRent {
  - state : {in, out}
  - date : date
  - rentingprice : float
}

' ==== Generalizations ====
Subscriber --|> User
MovieRent --|> Movie
MovieBuy --|> Movie

' ==== Associations with Cardinalities ====


User ""0..*"" --> ""1"" MovieShop : uses

MovieShop ""1"" --> ""0..*"" Card

Subscriber ""1"" --> ""1"" Card : has

MovieShop ""1"" o-- ""0..*"" Movie : owns

MovieShop ""1"" --> ""0..*"" Order : make

Order ""0..*"" --> ""1..*"" MovieBuy : includes


User ""1"" --> ""1..*"" MovieBuy : buys

Subscriber ""0..*"" --> ""1..*"" MovieRent : hires

@enduml",1,0,0,6,0,0,0,0,3,5,1,2,0,1,1,3,0,1,2,3,4,4,2,3,4,2,1,1,3,4,0,1,0,2
6,"Flights
We want to model a system for management of flights and pilots. An airline operates flights. Each airline has an ID. Each flight has an ID a departure airport and an arrival airport: an airport as a unique identifier. Each flight has a pilot and a co-pilot, and it uses an aircraft of a certain type; a flight has also a departure time and an arrival time. An airline owns a set of aircrafts of different types. An aircraft can be in a working state or it can be under repair. In a particular moment an aircraft can be landed or airborne. A company has a set of pilots: each pilot has an experience level: 1 is minimum, 3 is maximum. A type of aeroplane may need a particular number of pilots, with a different role (e.g.: captain, co-pilot, navigator): there must be at least one captain and one co-pilot, and a captain must have a level 3.","@startuml

class Airline {
  +ID: String
  +aircrafts: List<Aircraft>
  +flights: List<Flight>
}

class Flight {
  +ID: String
  +departureAirport: Airport
  +arrivalAirport: Airport
  +pilot: Pilot
  +coPilot: Pilot
  +aircraft: Aircraft
  +departureTime: DateTime
  +arrivalTime: DateTime
}

class Aircraft {
  +type: String
  +workingState: Boolean
  +status: String
}

class Airport {
  +code: String
  +name: String
}

class Pilot {
  +experienceLevel: int
  +role: String
}

class Company {
  +pilots: List<Pilot>
}

Airline ""1"" -- ""*"" Flight : operates >
Airline ""1"" -- ""*"" Aircraft : owns >
Flight ""*"" -- ""1"" Airport : departs from >
Flight ""*"" -- ""1"" Airport : arrives at >
Flight ""1"" -- ""1"" Pilot : has >
Flight ""1"" -- ""1"" Pilot : has >
Company ""1"" -- ""*"" Pilot : employs >

@enduml

","PlantUML: @startuml

' === Class Definitions ===
class Airline {
  - id : String
}

class Aircraft {
  - id : String
  - workingstate : Boolean
  - landed : Boolean
  - type : TypeofAircraft
}

class TypeofAircraft {
  - name : String
  - captain : Pilot
  - co-pilot : Pilot
}

class Flight {
  - id : String
  - departureairport : Airport
  - arrivalairport : Airport
  - departuretime : Time
  - arrivaltime : Time
  - pilot : Pilot
  - copilot : Pilot
}

class Airport {
  - identifier : String
}

class Pilot {
  - name : int
  - experiencelevel : int
  - role : String
}

' === Associations ===

Airline ""1"" --> ""1..*"" Flight : offers
Airline ""1"" --> ""1..*"" Aircraft : owns

Flight ""1..*"" --> ""1"" Aircraft : uses

Aircraft ""1..*"" --> ""1"" TypeofAircraft

Flight ""1..*"" --> ""2..*"" Pilot

TypeofAircraft ""1"" --> ""2..*"" Pilot
Flight ""1..*"" --> ""2"" Airport


@enduml",0,0,7,5,3,3,2,1,4,5,2,2,1,0,4,4,4,4,3,5,5,5,3,4,4,4,2,2,3,4,2,3,0,1
7,"Bank System
A bank system contains data on customers (identified by name and address) and their accounts. Each account has a balance and there are 2 type of accounts: one for savings which offers an interest rate, the other for investments, used to buy stocks. Stocks are bought at a certain quantity for a certain price (ticker) and the bank applies commission on stock orders.","@startuml

class Customer {
    +String name
    +String address
}

class Account {
    +float balance
}

class SavingsAccount {
    +float interestRate
}

class InvestmentAccount {
}

class StockOrder {
    +String ticker
    +int quantity
    +float commission
}

Customer ""1"" -- ""*"" Account : has >
Account <|-- SavingsAccount : extends
Account <|-- InvestmentAccount : extends
InvestmentAccount ""1"" -- ""*"" StockOrder : places >

@enduml

","PlantUML: @startuml

' === Class Definitions ===
class Customer {
  - name : String
  - address : String
}

class Account {
  - balance : float
}

class Savings {
  - interestrate : float
}

class Investments {
}

class StockOrder {
  - commision : float
}

class Stock {
  - quantity : int
  - price : float
}

' === Generalizations ===
Savings --|> Account
Investments --|> Account

' === Associations with Cardinalities ===

Customer ""1"" --> ""0..*"" Account

Investments ""0..*"" --> ""0..*"" Stock
StockOrder ""1..*"" --> ""1"" Stock

@enduml",0,1,0,1,0,2,0,1,1,3,0,1,0,0,0,3,0,2,2,3,3,3,1,2,1,3,1,0,1,3,0,1,0,1
8,"Veterinary Clinic
The owner of a veterinary clinic wants to create a database to store information about all veterinary services performed. After some research he came up with the following requirements:
•	For each admitted animal, its name, breed (if any) and owner must be stored. Each animal should be given an unique numeric identifier.
•	For each owner, its name, address and phone number should be stored. An unique numeric identifier should also be generated for each one of them.
•	An animal might be owner-less. This happens frequently as the clinic often rescues abandoned dogs from the streets in order to treat them and get them new owners.
•	It should be possible to store information about a specific breed even if no animals of that breed have been treated at the clinic.
•	Each appointement always has a responsible physician. All appointements start at a certain date and time; and are attended by an animal (and of course its owner).
•	For each physician, his name, address and phone number should be stored. An unique numeric identifier should also be generated for each one of them.
•	In an appointement, several medical conditions might be detected. Each condition has a common name and a scientific name. No two conditions have the same scientific name.
•	It should be possible to store information about the most common conditions for each different breed in the database.","@startuml

class Animal {
    +int id
    +String name
    +Breed breed
    +Owner owner
}

class Owner {
    +int id
    +String name
    +String address
    +String phoneNumber
}

class Breed {
    +String name
    +String description
    +MedicalCondition commonConditions
}

class Appointment {
    +DateTime dateAndTime
    +Animal animal
    +Physician responsiblePhysician
}

class Physician {
    +int id
    +String name
    +String address
    +String phoneNumber
}

class MedicalCondition {
    +String commonName
    +String scientificName
}

Owner ""0..*"" -- ""0..*"" Animal : owns >
Animal ""1"" -- ""0..*"" Appointment : attends >
Physician ""1"" -- ""*"" Appointment : responsible >
Breed ""1"" -- ""0..*"" Animal : characterizes >
Breed ""0..*"" -- ""0..*"" MedicalCondition : hasCommonConditions >

@enduml
","PlantUML: @startuml

' === Class Definitions ===
class Owner {
  - name : String
  - address : String
  - phonenumber : String
  - id : int
}

class Animal {
  - name : String
  - id : int
}

class Physician {
  - name : String
  - address : String
  - phonenumber : String
  - id : int
}

class Appointment {
  - startdate : Date
  - starttime : Time
}

class Breed {
  - type : String
}

class MedicalCondition {
  - commonname : String
  - scientificname : String
}

' === Associations with Cardinalities ===

Owner ""1"" --> ""0..*"" Appointment
Owner ""0..1"" <-- ""1..*"" Animal

Animal ""1"" --> ""0..*"" Appointment

Appointment ""0..*"" --> ""0..*"" MedicalCondition
MedicalCondition ""0..*"" --> ""0..*"" Breed

Breed ""1"" --> ""0..*"" Animal


Appointment ""0..*"" --> ""1"" Physician

@enduml",0,1,1,2,1,2,0,0,3,2,2,1,0,0,3,2,3,0,3,3,4,4,2,2,4,3,1,2,3,2,1,0,0,0
9,"Auto Repair
An auto repair shop, that sells and mounts parts and accessories for all kinds of vehicles, wants a new information system to manage their clients, parts, accessories and assembly services:
•	There are several employees. Each one of them has an unique identifying number, a name and an address.
•	In this shop, assembly services, where parts and accessories are installed in a vehicle, are executed. For each one these services the following data must be stored: In which car the service was executed, how many kms had the car at the time, who was the responsible employee, which parts and accessories were fitted, how many work hours did it take and the admission and finish dates.
•	Parts and accessories are only sold together with an assembly service.
•	Each part/accessory only fits in some car models. Therefore, it is important to store that information.
•	Each part/accessory has a category (radio, tyre, …), a serial number and a price.
•	Each car has a license plate, a make, a model, a color and an owner. Each owner has a name, identifying number, address and a phone.
•	One person can own more than one car but one car only has one owner.","@startuml

class Employee {
    +int id
    +String name
    +String address
}

class AssemblyService {
    +DateTime admissionDate
    +DateTime finishDate
    +int workHours
    +Car car
    +Employee responsibleEmployee
    +Set<PartAccessory> partsAndAccessories
}

class PartAccessory {
    +String category
    +String serialNumber
    +float price
    +Set<CarModel> compatibleCarModels
}

class CarModel {
    +String make
    +String model
}

class Car {
    +String licensePlate
    +CarModel model
    +String color
    +Owner owner
    +int kilometers
}

class Owner {
    +int id
    +String name
    +String address
    +String phoneNumber
}

Employee ""1"" -- ""*"" AssemblyService : performs >
AssemblyService ""0..*"" -- ""1"" Car : involves >
PartAccessory ""0..*"" -- ""*"" AssemblyService : usedIn >
Car ""1"" -- ""*"" Owner : ownedBy >
CarModel ""0..*"" -- ""1"" PartAccessory : fitsIn >

@enduml

","PlantUML: @startuml

' === Class Definitions ===
class Employee {
  - id : int
  - name : String
  - address : String
}

class AssemblyService {
  - kmscar : int
  - workhours : String
  - admissiondate : Date
  - finishdate : Date
}

class PartAccessory {
  - category : String
  - serialnumber : int
  - price : float
}

class Car {
  - plate : String
  - make : String
  - model : String
  - color : String
}

class Owner {
  - name : String
  - id : int
  - address : String
  - phone : String
}

' === Associations with Cardinalities ===

Employee ""1"" --> ""0..*"" AssemblyService

AssemblyService ""1"" --> ""1..*"" PartAccessory

AssemblyService ""0..*"" --> ""1"" Car

Car ""0..*"" --> ""0..*"" PartAccessory

Car ""1..*"" --> ""1"" Owner

@enduml",0,1,1,6,4,3,3,0,4,3,3,1,0,0,3,1,3,1,2,2,4,4,2,3,3,2,2,2,4,3,3,0,1,0
10,"Restaurant
The owner of a small restaurant wants a new information system to store data for all meals consumed there and also to keep a record of ingredients kept in stock. After some research he reached the following requirements list:
•	Each ingredient has a name, a measuring unit (e.g. olive oil is measured in liters, while eggs are unit based) and a quantity in stock. There are no two ingredients with the same name.
•	Each dish is composed of several ingredients in a certain quantity. An ingredient can, of course, be used in different dishes.
•	A dish has an unique name and a numeric identifier.
•	There are several tables at the restaurant. Each one of them has an unique numeric identifier and a maximum ammount of people that can be seated there.
•	In each meal, several dishes are consumed at a certain table. The same dish can be eaten more than once in the same meal.
•	A meal takes place in a certain date and has a start and end time. Each meal has a responsible waiter.
•	A waiter has an unique numerical identifier, a name, an address and a phone number.
•	In some cases it is important to store information about the client that consumed the meal. A client has a tax identification number, a name and an address.","@startuml

class Ingredient {
    +String name
    +String measuringUnit
    +int quantityInStock
}

class Dish {
    +String name
    +int id
    +Map<Ingredient, int> ingredients
}

class Table {
    +int id
    +int maxCapacity
}

class Meal {
    +DateTime startDate
    +DateTime endDate
    +Table table
    +Waiter responsibleWaiter
    +Set<Dish> dishes
    +Client client
}

class Waiter {
    +int id
    +String name
    +String address
    +String phoneNumber
}

class Client {
    +String taxID
    +String name
    +String address
}

Dish ""0..*"" -- ""*"" Ingredient : contains >
Meal ""0..*"" -- ""1"" Table : takesPlaceAt >
Meal ""0..*"" -- ""1"" Waiter : servedBy >
Meal ""0..*"" -- ""0..1"" Client : consumedBy >
Meal -- ""*"" Dish : consistsOf >

@enduml

","PlantUML: @startuml

' === Class Definitions ===
class Ingredient {
  - name : String
  - measuringunits : String
  - quantity : float
}

class Dish {
  - name : String
  - id : int
}

class Meal {
  - date : Date
  - starttime : Time
  - endtime : Time
}

class Table {
  - id : int
  - nofpeople : int
}

class Client {
  - taxid : int
  - name : String
  - address : String
}

class Waiter {
  - id : int
  - name : String
  - address : String
  - phonenumber : String
}

' === Associations with Cardinalities ===

Dish ""0..*"" --> ""1..*"" Ingredient

Meal ""0..*"" --> ""1..*"" Dish
Meal ""0..*"" --> ""1"" Table
Meal ""0..*"" --> ""1"" Waiter
Meal ""0..*"" --> ""0..1"" Client

@enduml",0,2,1,1,1,2,2,0,3,2,1,1,1,0,2,2,3,1,2,3,4,4,2,3,2,2,2,1,3,2,2,1,1,0
11,"Deliveries
The owner of a small delivery company plans to have an information system that allows him to save data about his customers and deliveries. After some time studying the problem, he reached the following requirements:
•	Each customer has a VAT number, a name, a phone number and an address. There are no two clients with the same VAT number.
•	When a customer wants to send a package to another customer, he just has to login to the company website, select the customer he wants to send the package to, enter the package’s weight and if the delivery is normal or urgent. He then receives an unique identifier code that he writes on the package.
•	The package is then delivered by the customer at the delivery center of his choosing. A delivery center has a unique name and an address.
•	Each client has an associated delivery center. This delivery center is chosen by the company and it is normally the one closest to the customer’s house.
•	The package is them routed through an internal system until it reaches the delivery center of the recipient.
•	The package is then delivered by hand from that delivery center to the recipient by a courier.
•	Couriers have a single VAT number, a name and a phone number. Each courier works in a single delivery center.
•	A courier is assigned to a packet as soon as the packet is introduced in the system.","@startuml

class Customer {
    +String VATNumber
    +String name
    +String phoneNumber
    +String address
    +DeliveryCenter deliveryCenter
}

class Package {
    +String identifierCode
    +double weight
    +String deliveryType
    +Customer sender
    +Customer recipient
    +Courier courier
}

class DeliveryCenter {
    +String name
    +String address
    +Set<Customer> customers
    +Set<Courier> couriers
}

class Courier {
    +String VATNumber
    +String name
    +String phoneNumber
    +DeliveryCenter deliveryCenter
}

Customer ""1"" -- ""1"" DeliveryCenter : uses >
DeliveryCenter ""1"" -- ""*"" Customer : serves >
DeliveryCenter ""1"" -- ""*"" Courier : employs >
Package ""*"" -- ""1"" Customer : sentBy >
Package ""*"" -- ""1"" Customer : sentTo >
Package ""0..1"" -- ""1"" Courier : deliveredBy >

@enduml

","PlantUML: @startuml

' === Class Definitions ===
class Customer {
  - Vat : int
  - name : String
  - phone : String
  - address : String
  + login()
  + selectrecipient()
  + enterweight()
  + selectdelivery()
}

class Package {
  - id : int
  - weight : float
  - urgent : Boolean
}

class DeliveryCenter {
  - name : String
  - address : String
}

class Courier {
  - Vat : int
  - name : String
  - phone : String
}

' === Associations with Cardinalities ===

Customer ""2"" --> ""0..*"" Package
Customer ""0..*"" --> ""0..*"" Courier
Customer ""0..*"" --> ""1"" DeliveryCenter
Customer ""1"" --> ""1"" Customer

Package ""0..*"" --> ""2"" DeliveryCenter

DeliveryCenter ""1"" --> ""0..*"" Courier

Courier ""1"" --> ""0..*"" Package

@enduml",0,1,3,5,2,1,0,1,3,5,1,2,0,0,2,4,3,1,4,3,4,5,2,4,3,4,1,1,4,5,0,3,0,0
12,"Furniture
The known furniture factory Hi-Key-Ah, intends to implement an information system to store all data on the different types of furniture and components it produces:
•	The factory produces several lines of furniture, each with a different name and consisting of several pieces of furniture of different types (beds, tables, chairs, …).
•	All furniture pieces have a type, a single reference (eg CC6578) and a selling price.
•	The major competitive advantage of this innovative plant is the fact that each component produced can be used in more than one piece of furniture.
•	Each piece of furniture is thus composed of several components. The same component can be used more than once in the same piece.
•	Every type of component produced is assigned a unique numerical code, a manufacturing price and a type (screw, hinge, shelf …).
•	The furniture is then sold in various stores throughout the world. Each store has a different address and a fax number.
•	To make the manufacturing process more efficient, stores have to place orders everytime they need to replenish their stock. These orders must also be stored in the database.
•	Each order has a order number, a date, the store that placed the order as well as a list of all the ordered furniture and their quantities.","@startuml

class FurnitureLine {
    +String name
    +Set<FurniturePiece> furniturePieces
}

class FurniturePiece {
    +String type
    +String reference
    +float sellingPrice
    +Set<Component> components
}

class Component {
    +int numericalCode
    +float manufacturingPrice
    +String type
}

class Store {
    +String address
    +String faxNumber
    +Set<Order> orders
}

class Order {
    +int orderNumber
    +DateTime date
    +Store store
    +Map<FurniturePiece, int> orderedPieces
}

FurnitureLine ""1"" -- ""*"" FurniturePiece : consistsOf >
FurniturePiece ""*"" -- ""*"" Component : madeOf >
Store ""1"" -- ""*"" Order : places >
Order ""*"" -- ""*"" FurniturePiece : includes >

@enduml

","PlantUML: @startuml

' === Class Definitions ===
class Store {
  - address : String
  - Fax : int
}

class Order {
  - number : int
  - date : Date
}

class PieceOfFurniture {
  - type : String
  - reference : String
  - price : float
}

class FurnitureLine {
  - name : String
}

class Component {
  - numericalcode : int
  - price : float
}

class ComponentType {
  - name : String
}

' === Associations with Cardinalities ===

Store ""1"" --> ""0..*"" Order
Store ""0..*"" --> ""0..*"" PieceOfFurniture

Order ""0..*"" --> ""0..*"" PieceOfFurniture

FurnitureLine ""1"" --> ""0..*"" PieceOfFurniture

PieceOfFurniture ""0..*"" --> ""0..*"" Component
Component ""0..*"" --> ""1"" ComponentType

@enduml",0,1,1,1,0,1,1,0,3,3,1,1,0,0,2,3,2,2,3,3,3,5,2,3,2,2,1,0,2,4,1,1,0,0
13,"Factory
Create a database for a factory with the following requirements. Don’t forget to add unique identifiers for each one of the entities if needed.
•	A factory has several machines. Each one of them is operated by several workers.
•	A worker might work in more than one machine.
•	In this factory, several products of different types, are produced. Each different type of product is produced in a single machine. But, the same machine can produce more than one type of product.
•	Products from the same type are all produced from the same single material and have the same weigth.
•	Clients can issue purchase orders. Each order has a list of the desired products and their quantity.
•	For each worker, the following data should be stored in the database: name (first and last), birth date, address and a list of his skills.
•	For each machine, the following data should be stored: serial number, make, model and purchase date.
•	For each client, the followig data should be stored: name, address, phone number and name of the contact person (if any).
•	For each purchase order, the following date should be stored: order number, date it has been made, expected and actual delivery date.","@startuml

entity ""Machine"" as Machine {
    +serialNumber: String [PK]
    +make: String
    +model: String
    +purchaseDate: Date
}

entity ""Worker"" as Worker {
    +employeeID: String [PK]
    +name: String
    +birthDate: Date
    +address: String
    +skills: List<String>
}

entity ""ProductType"" as ProductType {
    +typeID: String [PK]
    +material: String
    +weight: Double
}

entity ""Product"" as Product {
    +productID: String [PK]
    +productTypeID: String [FK]
}

entity ""Client"" as Client {
    +clientID: String [PK]
    +name: String
    +address: String
    +phoneNumber: String
    +contactPerson: String
}

entity ""PurchaseOrder"" as PurchaseOrder {
    +orderNumber: String [PK]
    +dateMade: Date
    +expectedDeliveryDate: Date
    +actualDeliveryDate: Date
    +clientID: String [FK]
}

Machine ""1"" -- ""*"" Worker : operated by >
Worker ""1"" -- ""*"" Product : produces >
ProductType ""1"" -- ""*"" Product : defines >
Client ""1"" -- ""*"" PurchaseOrder : places >
PurchaseOrder ""*"" -- ""*"" Product : includes >

@enduml

","PlantUML: @startuml

' === Class Definitions ===
class Machine {
  - serialnumber : int
  - make : String
  - model : String
  - purchasedate : Date
}

class Worker {
  - firstname : String
  - lastname : String
  - birth_date : Date
  - address : String
}

class Skill {
  - name : String
}

class ProductType {
  - material : String
  - weight : float
}

class Product {
  - id : int
  - name : String
}

class Client {
  - name : String
  - address : String
  - phone : String
  - contact_person : String
}

class Order {
  - number : int
  - date : Date
  - expected_delivery_date : Date
  - actual_delivery_date : Date
}

' === Associations with Cardinalities ===

Machine ""0..*"" --> ""0..*"" Worker
Worker ""0..*"" --> ""0..*"" Skill

Machine ""1"" --> ""0..*"" ProductType
ProductType ""1"" --> ""0..*"" Product

Client ""1"" --> ""0..*"" Order
Order ""0..*"" --> ""0..*"" Product

@enduml",0,0,0,3,1,1,1,0,5,3,2,1,0,0,2,3,0,0,2,2,4,4,2,3,5,2,1,0,5,3,1,1,0,2
14,"Bycicle Rental
A bicycle renting company wants to create an information system that allows it to store the data regarding all their reservations and rentals. The system should follow these requirements:
•	It should be possible to store the national id number (NIN), tax identification number (TIN), name and address for every client. The NIN and TIN must be different for every client and all clients should have at least a TIN and a name.
•	The database should also contain information about the bicycle models that can be rented- Each model has an unique name, a type (that can only be road, mountain, bmx or hybrid) and the number of gears.
•	Each bicycle has a unique identifying number and a model.
•	The company has several different stores where bicycles can be picked up and returned. Each one of these stores is identified by an unique name and has an address (both mandatory).
•	When a reservation is made, the following data must be known: which client did the reservation, when will he pick up the bike (day), which bike model he wants and where will he pick up the bike (store).
•	When a bike is picked up, the actual bike that was picked up must be stored in the database.
•	When a bike is returned, the return date should be stored in the database.","@startuml

entity ""Client"" as Client {
    +NIN: String [PK]
    +TIN: String [UK]
    +name: String
    +address: String
}

entity ""BicycleModel"" as BicycleModel {
    +modelName: String [PK]
    +type: String
    +numberOfGears: int
}

entity ""Bicycle"" as Bicycle {
    +bicycleID: String [PK]
    +modelName: String [FK]
}

entity ""Store"" as Store {
    +storeName: String [PK]
    +address: String
}

entity ""Reservation"" as Reservation {
    +reservationID: String [PK]
    +clientNIN: String [FK]
    +modelName: String [FK]
    +pickupDate: Date
    +storeName: String [FK]
}

entity ""Rental"" as Rental {
    +rentalID: String [PK]
    +bicycleID: String [FK]
    +pickupDate: Date
    +returnDate: Date
}

Client ""1"" -- ""*"" Reservation : makes >
Reservation ""*"" -- ""1"" BicycleModel : requests >
Reservation ""1"" -- ""1"" Store : pickupAt >
Bicycle ""1"" -- ""1"" BicycleModel : ofType >
Rental ""*"" -- ""1"" Bicycle : uses >

@enduml

","PlantUML: @startuml

' === Class Definitions ===
class Client {
  - NIN : String
  - TIN : String
  - name : String
  - address : String
  + reserveabike()
}

class Reservation {
  - pickup_day : Date
  - return_date : Date
}

class Store {
  - name : String
  - address : String
}

class Bycicle {
  - id : String
}

class BycicleModel {
  - name : String
  - nofgears : int
}

class Type {
  - name : String
}

class Road {}
class Mountain {}
class BMX {}
class Hybrid {}

' === Generalizations ===
Road --|> Type
Mountain --|> Type
BMX --|> Type
Hybrid --|> Type

' === Associations with Cardinalities ===

Client ""1"" --> ""0..*"" Reservation
Reservation ""0..*"" --> ""1"" Store
Reservation ""0..*"" --> ""1"" Bycicle

Bycicle ""0..*"" --> ""1"" BycicleModel
BycicleModel ""1"" --> ""0..*"" Reservation

BycicleModel ""0..*"" --> ""1"" Type

Store ""1"" --> ""0..*"" Bycicle

@enduml",0,0,1,6,1,1,1,0,2,4,1,2,0,0,2,3,0,2,3,3,2,5,1,3,2,1,2,1,2,4,1,2,0,2
15,"Saturn Int. Management
Saturn Int. management wants to improve their security measures, both for their building and on site. They would like to prevent people who are not part of the company to use their car park.
Saturn Int. has decided to issue identity cards to all employees. Each card records the name, department and number of a company staff, and give them access to the company car park. Employees are asked to wear the cards while on the site.
There is a barrier and a card reader placed at the entrance to the car park. When a driver drives his car into the car park, he/she inserts his or her identity card into the card reader. The card reader then verify the card number to see if it is known to the system. If the number is recognized, the reader sends a signal to trigger the barrier to rise. The driver can then drive his/her car into the car park.
There is another barrier at the exit of the car park, which is automatically raised when a car wishes to leave the car park.
A sign at the entrance display “Full” when there are no spaces in the car park. It is only switched off when a car leaves.
There is another type of card for guests, which also permits access to the car park. The card records a number and the current date. Such cards may be sent out in advance, or collected from reception. All guest cards must be returned to reception when the visitor leaves Saturn Int.","@startuml

class EmployeeCard {
    +String cardNumber
    +String employeeName
    +String department
}

class GuestCard {
    +String cardNumber
    +Date issueDate
}

class CardReader {
    +Boolean verifyCard(String cardNumber)
}

class Barrier {
    +void rise()
    +void lower()
}

class ParkingSpace {
    +Boolean isFull()
    +void updateSign()
}

class Reception {
    +GuestCard issueGuestCard()
    +void collectGuestCard(GuestCard card)
}

EmployeeCard ""1"" -- ""*"" CardReader : verifiedBy >
GuestCard ""1"" -- ""*"" CardReader : verifiedBy >
CardReader ""1"" -- ""1"" Barrier : controls >
ParkingSpace ""1"" -- ""1"" Barrier : monitoredBy >
Reception ""1"" -- ""*"" GuestCard : issues >

@enduml

","""PlantUML:@startuml

' === Class Definitions ===

class Barrier {
  + rise()
}

class CarPark {
  - numberofspaces : int
  - numberfreespaces : int
  + carisleaving()
}

class Sign {
  - isfull : Boolean
  + switch()
}

class CardReader {
  + insertcard()
  + verifycardnumber()
  + showsuccessmessage()
  + showfailmessage()
  + sendsignal()
  + ejectcard()
}

class Card {
  - number : int
}

class IdentityCard {
  - name : String
  - department : String
  + issue()
}

class GuestCard {
  - currentdate : Date
  + sent()
  + collected()
  + return()
}

class Reception {
  + givecard()
  + takecard()
}

' === Generalizations ===
IdentityCard --|> Card
GuestCard --|> Card

' === Associations ===

CarPark """"1"""" *-- """"2"""" Barrier
CarPark """"1"""" *-- """"1"""" Sign
CarPark  *--  CardReader

CardReader --> Card
CardReader -->Barrier
Reception """"1"""" --> """"0..*"""" GuestCard

@enduml""",4,1,5,7,0,2,0,2,4,4,1,1,0,2,2,2,0,0,1,3,4,3,2,2,3,4,2,0,4,5,0,3,0,2
16,"OOBank
This system provides the basic services to manage bank accounts at a bank called OOBank. OOBank has many branches, each of which has an address and branch number. A client opens accounts at a branch. Each account is uniquely identified by an account number; it has a balance and a credit or overdraft limit. There are many types of accounts, including: a mortgage account (which has a property as collateral), a checking account, and a credit card account (which has an expiry date and can have secondary cards attached to it). It is possible to have a joint account (e.g. for a husband and wife). Each type of account has a particular interest rate, a monthly fee and a specific set of privileges (e.g. ability to write checks, insurance for purchases etc.). OOBank is divided into divisions and subdivisions (such as Planning, Investments and Consumer); the branches are considered subdivisions of the Consumer Division. Each division has a manager and a set of other employees. Each customer is assigned a particular employee as his or her ‘personal banker’.","@startuml

class OOBank {
}

class Branch {
    +String branchNumber
    +String address
}

class Account {
    +String accountNumber
    +Double balance
    +Double creditLimit
}

class MortgageAccount {
    +Property collateral
}

class CheckingAccount {
    +Set<Privilege> privileges
}

class CreditCardAccount {
    +Date expiryDate
    +List<CreditCard> secondaryCards
}

class JointAccount {
}

class Division {
    +String name
    +Manager manager
    +Set<Employee> employees
}

class PersonalBanker extends Employee {
}

class Client {
    +String name
    +PersonalBanker personalBanker
}

class Employee {
    +String employeeID
    +String name
}

OOBank ""1"" -- ""*"" Branch : has >
Branch ""1"" -- ""*"" Account : holds >
Account <|-- MortgageAccount : is a type of
Account <|-- CheckingAccount : is a type of
Account <|-- CreditCardAccount : is a type of
Account <|-- JointAccount : is a type of
OOBank ""1"" -- ""*"" Division : includes >
Division ""1"" -- ""*"" Branch : contains >
Client ""1"" -- ""1"" PersonalBanker : has >

@enduml

","PlantUML: @startuml

' === Class Definitions ===

class Branch {
  - address : String
  - number : int
}

class Subdivision {
  - name : String
}

class Division {
  - name : String
}

class Manager {
}

class Employee {
  - name : String
  - role : String
}

class Client {
  - name : String
  + openaccount()
  + closeaccount()
}

class Account {
  - number : int
  - balance : float
  - creditlimit : float
}

class AccountType {
  - interestrate : float
  - monthlyfee : float
  - checksallowed : Boolean
  - insuranceAvailable : Boolean
}

class CreditCard {
  - name : String
  - number : int
}

class CreditCardAccount {
  - expirydate : Date
}

class CheckingAccount {
}

class MortgageAccount {
  - collateralProperty : String
}

class JointAccount {
  - secondclient : Client
}

' === Generalization ===
CreditCardAccount --|> Account
CheckingAccount --|> Account
MortgageAccount --|> Account
JointAccount --|> Account
Manager --|> Employee

' === Associations & Compositions ===

Branch --|> Subdivision
Division *-- Subdivision : contains
Division o-- Manager : Manage
Division ""1"" o-- ""1..*"" Employee : Works For

Employee ""1"" --> ""0..*"" Client : Personal Banker

Client ""1"" *-- ""0..*"" Account
Client ""2"" *-- ""0..*"" JointAccount
Client --> Branch

Account ""0..*"" --> ""1"" AccountType

CreditCardAccount ""1"" --> ""1..*"" CreditCard

@enduml",2,2,2,8,2,3,2,2,5,4,2,3,0,2,2,3,1,2,1,5,6,5,3,3,6,4,3,1,4,5,1,3,0,2
17,"Prepaid Cell Phone
The contract of a prepaid cell phone should be modelled and implemented. A basic contract has a contract number (of type int) and a balance (of type double), but no monthly charges. The contract number is not automatically generated, but is to be set as a parameter by the constructor as well as the initial balance. The balance has a getter and a setter. The following options can be added to a contract (if needed also several times):
•	100 MB of data (monthly charge 1.00€)
•	50 SMS (monthly charge 0.50€)
•	50 minutes (monthly charge 1.50€)
•	Double Transfer Rate (monthly charge 2.00€) implement this requirement with the help of the decorator pattern. All contract elements should be able to understand the methods getCharges():double, getBalance():double and setBalance(double).
The method getCharges() should provide the monthly charge of a contract with all its options selected. The methods getBalance() and setBalance() should be passed through and access the basic contract.","@startuml

interface ContractComponent {
    +getCharges() : double
    +getBalance() : double
    +setBalance(balance : double) : void
}

class BasicContract {
    -contractNumber : int
    -balance : double
    +getCharges() : double
    +getBalance() : double
    +setBalance(balance : double) : void
}

abstract class ContractDecorator {
    -decoratedContract : ContractComponent
    +getCharges() : double
    +getBalance() : double
    +setBalance(balance : double) : void
}

class DataOption {
    +getCharges() : double
}

class SMSOption {
    +getCharges() : double
}

class MinutesOption {
    +getCharges() : double
}

class DoubleTransferRateOption {
    +getCharges() : double
}

class Client {
    -contract : ContractComponent
}

ContractComponent <|.. BasicContract
ContractComponent <|.. ContractDecorator
ContractDecorator <|-- DataOption
ContractDecorator <|-- SMSOption
ContractDecorator <|-- MinutesOption
ContractDecorator <|-- DoubleTransferRateOption
Client -right-> ContractComponent : holds

@enduml

","PlantUML: @startuml

' === Class Definitions ===

class Client {
  - name : String
  - phone : String
}

class Contract {
  + getCharges() : float
  + getBalance() : float
  + setBalance(float)
}

class Basic_Contract {
  - number : int
  - balance : float
}

class Option {
  - monthly_charge : float
}

class Data {
  - MB : int
}

class SMS {
  - quantity : int
}

class Minute {
  - quantity : int
}

class Double_Transfer {
}

' === Generalizations ===

SMS --|> Option
Minute --|> Option
Double_Transfer --|> Option
Data --|> Option

' === Associations ===

Client ""1"" --> ""1"" Contract
Basic_Contract ""1"" <-- ""0..*"" Contract
Contract ""0..*"" --> ""0..*"" Option

@enduml",0,0,2,0,1,2,1,1,3,4,1,2,1,0,2,3,1,2,1,2,4,3,2,3,1,2,1,1,3,3,1,3,1,0
18,"Library System
The exercise id to design a class structure for a library system. It should fulfil those requirements:
•	There are two type of users – under-aged and adults.
•	Under-aged users are identified with usage of their full name and student card.
•	Adult users are identified with usage of their full name and ID card.
•	The library contains books.
•	There is basic information about every book (title, author, etc).
•	The user can borrow at most 4 books at the same time.
•	There is a history of previously borrowed books for every user (along with all the dates).","@startuml

abstract class User {
    +fullName: String
    +borrowedBooks: List<BorrowedBook>
    +borrowBook(book: Book): boolean
    +returnBook(book: Book): void
    +getBorrowHistory(): List<BorrowedBook>
}

class UnderagedUser {
    +studentCard: String
}

class AdultUser {
    +idCard: String
}

class Book {
    +title: String
    +author: String
    +available: boolean
}

class BorrowedBook {
    +book: Book
    +borrowDate: Date
    +returnDate: Date
}

User <|-- UnderagedUser
User <|-- AdultUser
User ""1"" -- ""*"" BorrowedBook : ""has history of""

@enduml

","PlantUML: @startuml

' === Class Definitions ===

class User {
  - firstname : String
  - lastname : String
  + borrow()
  + return()
}

class Adult {
  - idcard : int
}

class UnderAged {
  - studentcard : int
}

class Book {
  - title : String
  - author : String
}

class History {
  - Books : List<Book>
  - date : List<date>
}

class Library {
  - Books : List<Book>
}

class User

' === Generalizations ===
Adult --|> User
UnderAged --|> User

' === Associations & Compositions ===

User ""1"" *-- ""1"" History
User ""1"" --> ""0..4"" Book

History""0..*"" o-- ""0..*"" Book

Library""1"" o-- ""0..*"" Book

@enduml",0,2,3,5,1,1,0,3,2,3,0,2,0,1,2,3,1,3,1,5,3,3,2,3,2,3,3,0,2,4,0,3,0,2
19,"MyDoctor
The MyDoctor application aims to be a management tool for the appointments of a doctor.
A hospital has multiple offices.
The users of the application can be doctors and patients.
The doctors can apply to practice in offices and create a schedule for an office. The schedules in different offices can’t overlay.
Example:
Doctor Ana is available in Office 4 on the 4th of September during 1 PM - 5PM.
Doctor Ana can’t practice in Office 5 on the 4th of September during 3PM - 8 PM, but she can practice in Office 5 on the 4th of September during 5:30PM - 8 PM.
The patients can see the existing doctors in the system, the schedule of the offices and can book appointments for specific doctors and for specific schedules. The appointments can be of 3 types:
•	Blood Test - 15 mins
•	Consultation - 30 mins
•	Surgery - 60 mins
The booking of an appointment will not be possible if another appointment is already booked at the same time frame. An email is sent to the patient with the confirmation of the appointment.
Example:
Action 1: User Mike will create a blood test booking for Doctor Ana for the 4th of September starting with 15:30 PM → Possible
Action 2: User Mike will create an intervention booking for Doctor Ana for the 4th of September starting with 15:00 PM → Not Possible
Action 3: User Mike will create an intervention booking for Doctor Ana for the 4th of September starting with 16:00 PM → Possible","@startuml

class Doctor {
    - name: String
}

class Office {
    - officeNumber: Integer
}

class Schedule {
    - date: Date
    - startTime: Time
    - endTime: Time
}

class Appointment {
    - type: AppointmentType
    - startTime: Time
    - endTime: Time
}

class Patient {
    - name: String
    - email: String
}

Doctor ""1"" -- ""1..*"" Schedule : creates >
Schedule ""1"" -- ""1"" Office : associated >
Appointment ""1"" -- ""1"" Patient : books >
Doctor ""1"" -- ""*"" Appointment : performs >
Office ""1"" -- ""*"" Appointment : hosts >

enum AppointmentType {
    BLOOD_TEST
    CONSULTATION
    SURGERY
}

@enduml



","PlantUML: @startuml

' === Class Definitions ===

class User {
  - id : int
  - FirstName : String
  - LastName : String
  + login()
  + logout()
}

class Doctor {
  - Field : String
  + Apply()
  + CreateSchedule()
  + CheckOfficeAvailability(startDate : Date, endDate : date)
}

class Patient {
  - Age : int
  - Address : String
  + SeeExistingDoctors()
  + SeeSchedules()
  + CreateAppointment()
}

class Office {
  - id : int
  - Name : String
}

class Schedule {
  - id : int
  - StartDate : Date
  - EndDate : Date
}

class Appointment {
  - id : int
  - Duration : int
  - StartDate : Date
  - EndDate : Date
  + SendEmail()
}

class BloodTest {}
class Consultation {}
class Surgery {}

' === Generalizations ===

Doctor --|> User
Patient --|> User

BloodTest --|> Appointment
Consultation --|> Appointment
Surgery --|> Appointment

' === Associations ===

Doctor ""0..*"" --> ""0..*"" Patient
Doctor ""1"" *-- ""0..*"" Schedule
Schedule ""1"" *-- ""0..*"" Appointment
Patient ""1"" --> ""0..*"" Appointment

Doctor ""0..*"" --> ""0..*"" Office
Schedule ""0..*"" o-- ""1"" Office

@enduml",0,1,3,4,0,3,1,1,3,4,1,2,0,0,2,2,0,2,3,5,3,4,2,3,3,3,0,0,3,5,1,1,0,0
20,"Online Shopping
Each customer has unique id and is linked to exactly one account. Account owns shopping cart and orders. Customer could register as a web user to be able to buy items online. Customer is not required to be a web user because purchases could also be made by phone or by ordering from catalogues. Web user has login name which also serves as unique id. Web user could be in several states - new, active, temporary blocked, or banned, and be linked to a shopping cart. Shopping cart belongs to account. 
Account owns customer orders. Customer may have no orders. Customer orders are sorted and unique. Each order could refer to several payments, possibly none. Every payment has unique id and is related to exactly one account.
Each order has current order status. Both order and shopping cart have line items linked to a specific product. Each line item is related to exactly one product. A product could be associated to many line items or no item at all.","@startuml

class Customer {
    - customerId: String
}

class WebUser {
    - username: String
    - state: WebUserState
}

class Account {
    - accountId: String
}

class ShoppingCart {
    - cartId: String
}

class Product {
    - productId: String
}

class Order {
    - orderId: String
    - orderStatus: OrderStatus
}

class Payment {
    - paymentId: String
}

class LineItem {
    - quantity: int
}

enum WebUserState {
    NEW
    ACTIVE
    TEMP_BLOCKED
    BANNED
}

enum OrderStatus {
    NEW
    PENDING
    SHIPPED
    DELIVERED
}

Customer ""1"" -- ""1"" Account : has >
Account ""1"" -- ""*"" Order : has >
Account ""1"" -- ""*"" Payment : has >
Account ""1"" -- ""1"" ShoppingCart : has >
WebUser -up-|> Customer : extends >
ShoppingCart ""*"" -- ""*"" LineItem : contains >
Order ""*"" -- ""*"" LineItem : contains >
Product ""*"" -- ""*"" LineItem : associated >
Payment ""1"" -- ""1"" Account : associated >

@enduml

","PlantUML: @startuml

' === Class Variables ===
class Order_Status <<class_variables>> {
  STATUS = {""new"", ""hold"", ""shipped"", ""delivered"", ""closed""}
}

class User_state <<class_variables>> {
  STATE = {""new"", ""active"", ""temporary blocked"", ""banned""}
}

' === Main Classes ===
class Customer {
  - id : String
  - phone : String
  - email : String
  - address : String
}

class Account {
  - id : String
}

class Web_User {
  - loginname : String
  - state : String
}

class Order {
  - id : String
  - status : String
}

class Payment {
  - id : String
  - amount : float
}

class Shopping_Cart {
}

class Product {
  - id : String
  - name : String
}

class Line_Item {
  - price : float
  - quantity : int
}

' === Relationships ===
User_state --|> Web_User

Order_Status --|> Order

Account ""1"" *-- ""1"" Shopping_Cart
Account ""1"" *-- ""0..*"" Order
Account ""1"" --> ""0..*"" Payment

Customer ""1"" --> ""0..1"" Web_User


Order ""1"" --> ""0..*"" Payment
Customer ""1"" *-- ""1"" Account


Shopping_Cart ""1"" --> ""0..*"" Line_Item
Shopping_Cart ""0..1"" --> ""1"" Web_User

Line_Item ""0..*"" --> ""1"" Product

Order ""1"" --> ""0..*"" Line_Item

@enduml",0,2,2,6,0,2,2,2,5,4,2,3,0,0,3,3,2,2,2,2,4,5,2,3,6,2,0,0,3,5,2,3,0,6
